,Iteration,d,sigma,theta,min_NLL
0,1,0.001,0.05,0.01,13363.773293312253
1,2,0.0,0.05,0.0,13342.29760467508
