parcode,trial,rt,choice,item_left,item_right
0.000000,0.000000,560.000000,1.000000,-1.136137,1.237881
