parcode,trial,fix_item,fix_time
0.000000,0.000000,0.000000,250.000000
0.000000,0.000000,1.000000,310.000000
