,Iteration,d,sigma,theta,min_NLL
0,1,0.001,0.05,0.01,12643.09208
1,2,0.001,0.05,0,12640.83784