,Iteration,d,sigma,theta,min_NLL
0,1,0.001,0.05,0.01,12442.998001242973
1,2,0.001,0.05,0.0,12441.012244689031
