,Iteration,d,sigma,theta,min_NLL
0,1,0.001,0.05,0.01,12643.092083818236
1,2,0.001,0.05,0.0,12640.83783906139
